CustomerID,FirstName,LastName,Age,Gender,Email,PhoneNumber,Address,City,State,ZipCode,DateOfBirth,AccountOpenDate,SSN,AnnualIncome,MonthlyIncome,EmploymentStatus,Occupation,YearsEmployed,CreditScore,CreditScoreCategory,NumCreditCards,NumBankAccounts,TotalCreditLimit,CreditUtilization,AvailableCredit,TotalDebt,MortgageDebt,AutoLoanDebt,StudentLoanDebt,CreditCardDebt,OtherDebt,MonthlyDebtPayment,DebtToIncomeRatio,NumLatePayments,NumMissedPayments,MaxDaysLatePastYear,BankruptcyHistory,ForeclosureHistory,CollectionAccounts,PublicRecords,TotalInquiries,HardInquiries,SoftInquiries,LengthOfCreditHistory,OldestAccountAge,NewestAccountAge,AvgAccountAge,PaymentHistory,NumOpenAccounts,NumClosedAccounts,HomeOwnership,MonthlyRent,MonthlyMortgage,Dependents,MaritalStatus,Education,MonthlyExpenses,SavingsBalance,CheckingBalance,InvestmentAccounts,TotalAssets,NetWorth,LoanApprovalStatus,RiskCategory
C001,John,Smith,45,Male,john.smith@email.com,555-123-4567,123 Main St,New York,NY,10001,1978-03-15,2005-06-12,***-**-1234,95000,7916.67,Employed,Software Engineer,15,785,Good,4,3,45000,0.28,32400,12600,0,8500,0,4100,0,1250,0.16,0,0,0,No,No,0,0,15,3,12,240,240,6,123,Excellent,7,12,Own,0,2100,2,Married,Bachelor,5200,45000,12000,Yes,285000,260000,Approved,Low
C002,Sarah,Johnson,32,F,sarah.j@gmail.com,555-234-5678,456 Oak Ave,Los Angeles,CA,90001,09/14/1991,2015-03-20,***-**-5678,72000,6000,Employed,Marketing Manager,8,720,Good,3,2,28000,0.35,18200,9800,0,0,15000,7200,2600,980,0.20,1,0,15,No,No,0,0,8,2,6,96,96,3,49.5,Good,5,4,Rent,1800,0,1,Single,Master,4500,18000,5500,No,95000,75400,Approved,Low
C003,Michael,Williams,28,Male,m.williams@yahoo.com,(555) 345-6789,789 Pine Road,Chicago,IL,60601,2/28/1995,2018-11-05,***-**-9012,58000,4833.33,Employed,Teacher,4,680,Fair,2,1,15000,0.45,8250,6750,0,0,12000,4200,550,750,0.19,2,1,30,No,No,1,0,12,5,7,48,48,2,25,Fair,3,2,Rent,1400,0,0,Single,Bachelor,3800,8500,2200,No,42000,28500,Pending,Medium
C004,Emily,Brown,51,Female,emily.brown@outlook.com,5553456789,234 Elm Street,Houston,TX,77001,1972-11-08,2001-01-15,***-**-3456,118000,9833.33,Employed,Doctor,22,812,Excellent,5,4,68000,0.18,55760,12240,0,5000,0,7240,0,1850,0.14,0,0,0,No,No,0,0,9,2,7,276,276,8,142,Excellent,9,15,Own,0,2800,3,Married,Doctorate,6500,92000,28000,Yes,520000,495000,Approved,Low
C005,David,Davis,,,david.d@email.com,555-456-7890,567 Maple Dr,Phoenix,AZ,85001,1987-05-22,2012-07-30,***-**-7890,64000,5333.33,Employed,Accountant,9,695,Good,3,2,32000,0.38,19840,12160,0,8000,0,4160,0,1100,0.23,1,0,10,No,No,0,0,10,3,7,132,132,4,68,Good,5,8,Own,0,1650,1,Married,Bachelor,4200,22000,7500,No,198000,173680,Approved,Low
C006,Jessica,Miller,26,F,jess.miller@gmail.com,555-567-8901,890 Cedar Ln,Philadelphia,PA,19101,05-12-1997,2019-09-18,***-**-2345,45000,3750,Part-time,Retail Associate,3,595,Poor,2,1,8000,0.68,2560,5440,0,0,8000,3200,2240,520,0.17,4,2,60,No,No,2,1,18,8,10,36,36,1,18.5,Poor,3,1,Rent,950,0,0,Single,High School,2900,1200,800,No,15000,4120,Denied,High
C007,Christopher,Wilson,42,Male,c.wilson@company.com,555-678-9012,123 Birch Blvd,San Antonio,TX,78201,1981-09-30,2008-02-14,***-**-6789,88000,7333.33,Employed,Project Manager,13,745,Good,4,3,52000,0.31,35880,16120,0,0,0,16120,0,1680,0.23,1,0,20,No,No,0,0,11,4,7,180,180,5,92.5,Good,7,9,Own,0,2200,2,Married,Bachelor,5800,38000,11000,Yes,325000,292760,Approved,Low
C008,Amanda,Moore,29,Female,amanda.m@email.com,null,456 Spruce St,San Diego,CA,92101,1994-07-18,2016-12-01,***-**-0123,67000,5583.33,Employed,Graphic Designer,6,715,Good,3,2,26000,0.33,17420,8580,0,0,18000,5580,3000,910,0.20,0,0,0,No,No,0,0,7,1,6,84,84,3,43.5,Excellent,5,3,Rent,1650,0,1,Married,Bachelor,4100,15000,4200,No,78000,64510,Approved,Low
C009,Matthew,Taylor,38,M,matt.taylor@yahoo.com,555-789-0123,789 Willow Way,Dallas,TX,75201,08/25/1985,2010-05-22,***-**-4567,79000,6583.33,Employed,Sales Manager,11,692,Fair,4,2,38000,0.42,22040,15960,0,12000,0,3960,0,1420,0.24,2,1,45,No,No,1,0,14,6,8,156,156,4,80,Fair,6,7,Rent,1750,0,2,Married,Associate,5200,12000,3500,No,95000,73620,Approved,Medium
C010,Ashley,Anderson,33,Female,ashley.anderson@outlook.com,555-890-1234,234 Poplar Pl,San Jose,CA,95101,1990-12-03,2013-08-15,***-**-8901,98000,8166.67,Employed,Data Analyst,9,768,Good,4,3,48000,0.25,36000,12000,0,0,22000,9500,500,1350,0.18,0,0,0,No,No,0,0,10,3,7,132,132,5,68.5,Excellent,7,8,Own,0,2500,1,Single,Master,5600,52000,18000,Yes,310000,286650,Approved,Low
C011,Joshua,Thomas,47,Male,j.thomas@email.com,555-901-2345,567 Ash Ave,Austin,TX,78701,1976-04-20,2003-11-08,***-**-2345,105000,8750,Employed,Attorney,19,798,Good,5,4,72000,0.22,56160,15840,0,0,0,15840,0,1950,0.18,0,0,0,No,No,0,0,8,2,6,252,252,7,129.5,Excellent,9,14,Own,0,3100,3,Married,Doctorate,7200,85000,24000,Yes,580000,556210,Approved,Low
C012,Megan,Jackson,25,F,megan.j@gmail.com,555-012-3456,890 Chestnut Ct,Jacksonville,FL,32099,June 8 1998,2020-02-28,***-**-5678,38000,3166.67,Employed,Administrative Assistant,2,612,Fair,2,1,12000,0.55,5400,6600,0,0,14000,4200,2400,580,0.23,3,1,40,No,No,1,0,20,9,11,24,24,1,12.5,Fair,3,0,Rent,1050,0,0,Single,Associate,2650,3200,1100,No,28000,18220,Pending,Medium
C013,Daniel,White,55,Male,d.white@company.com,5550123456,123 Fir St,Indianapolis,IN,46201,1968-01-12,1998-09-03,***-**-9012,125000,10416.67,Employed,CEO,28,825,Excellent,6,5,95000,0.15,80750,14250,0,0,0,14250,0,2100,0.13,0,0,0,No,No,0,0,6,1,5,312,312,10,161,Excellent,11,18,Own,0,3500,2,Married,Master,8500,150000,45000,Yes,980000,963650,Approved,Low
C014,Lauren,Harris,31,Female,lauren.h@email.com,555-123-4567,456 Hemlock Rd,Columbus,OH,43201,1992-10-27,2014-06-19,***-**-3456,71000,5916.67,Employed,HR Specialist,8,705,Good,3,2,29000,0.36,18560,10440,0,0,16000,7200,3240,1050,0.21,1,0,12,No,No,0,0,9,3,6,108,108,4,56,Good,5,6,Rent,1550,0,1,Married,Bachelor,4400,19000,6500,No,87000,70110,Approved,Low
C015,Ryan,Martin,44,M,ryan.martin@yahoo.com,555-234-5678,789 Redwood Dr,Charlotte,NC,28201,08-15-1979,2006-03-25,***-**-6789,92000,7666.67,Employed,Engineer,16,758,Good,4,3,51000,0.27,37230,13770,0,9500,0,4270,0,1450,0.20,0,0,0,No,No,0,0,10,3,7,216,216,6,111,Excellent,7,11,Own,0,2300,2,Married,Bachelor,5900,48000,15000,Yes,380000,360780,Approved,Low
C016,Nicole,Thompson,27,Female,nicole.t@gmail.com,,901 Sequoia Ln,Fort Worth,TX,76101,1996-03-09,2017-10-12,***-**-0123,52000,4333.33,Employed,Nurse,5,675,Fair,2,2,18000,0.47,9540,8460,0,0,19000,5200,4260,820,0.24,2,0,25,No,No,1,0,15,7,8,60,60,2,31,Fair,4,3,Rent,1300,0,0,Single,Bachelor,3500,9500,3200,No,52000,34720,Approved,Medium
C017,Brandon,Garcia,36,Male,b.garcia@outlook.com,555-345-6789,234 Magnolia Ave,San Francisco,CA,94101,1987-11-22,2011-07-07,***-**-4567,115000,9583.33,Employed,UX Designer,11,782,Good,5,3,62000,0.23,47740,14260,0,0,0,14260,0,1800,0.16,0,0,0,No,No,0,0,8,2,6,156,156,5,80.5,Excellent,8,9,Rent,3200,0,1,Single,Master,7200,68000,22000,Yes,425000,396480,Approved,Low
C018,Stephanie,Martinez,49,F,steph.martinez@email.com,555-456-7890,567 Dogwood Ct,Seattle,WA,98101,1974-06-14,2004-12-10,***-**-7890,102000,8500,Self-employed,Consultant,18,775,Good,4,4,58000,0.26,42920,15080,0,0,0,15080,0,1650,0.17,0,0,0,No,No,0,0,9,3,6,240,240,7,123.5,Excellent,8,13,Own,0,2700,3,Married,Master,6800,72000,28000,Yes,495000,471270,Approved,Low
C019,Kevin,Rodriguez,30,Male,k.rodriguez@gmail.com,555-567-8901,890 Sycamore St,Denver,CO,80201,10/31/1993,2015-11-23,***-**-2345,63000,5250,Employed,Mechanic,7,688,Fair,3,2,24000,0.40,14400,9600,0,7500,0,2100,0,1020,0.23,2,1,35,No,No,0,0,12,5,7,96,96,3,49.5,Fair,5,5,Rent,1450,0,1,Married,High School,4100,11000,4000,No,68000,53280,Approved,Medium
C020,Rachel,Lee,34,Female,rachel.lee@yahoo.com,null,123 Hickory Pl,Boston,MA,02101,1989-02-17,2012-09-05,***-**-5678,86000,7166.67,Employed,Pharmacist,10,735,Good,4,3,42000,0.32,28560,13440,0,0,24000,8200,1240,1420,0.22,1,0,18,No,No,0,0,10,3,7,144,144,5,74.5,Good,7,7,Own,0,2400,2,Married,Doctorate,5500,42000,14000,Yes,298000,278140,Approved,Low
C021,Jason,Walker,41,M,j.walker@email.com,555-678-9012,456 Juniper Dr,El Paso,TX,79901,1982-08-05,2007-04-18,***-**-9012,77000,6416.67,Employed,Electrician,15,712,Good,3,2,35000,0.34,23100,11900,0,8200,0,3700,0,1250,0.21,1,0,15,No,No,0,0,11,4,7,204,204,6,105,Good,5,9,Own,0,1900,2,Married,Associate,4900,32000,9500,No,245000,227850,Approved,Low
C022,Brittany,Hall,26,Female,brittany.h@gmail.com,555-789-0123,789 Cypress Rd,Nashville,TN,37201,May 19 1997,2019-01-14,***-**-3456,47000,3916.67,Employed,Social Worker,4,648,Fair,2,1,14000,0.52,6720,7280,0,0,17000,4500,2780,680,0.21,3,1,50,No,No,1,0,16,7,9,48,48,2,25,Fair,3,2,Rent,1150,0,0,Single,Bachelor,3200,5500,2100,No,38000,23040,Pending,Medium
C023,Adam,Allen,52,Male,adam.allen@outlook.com,5557890123,234 Beech St,Detroit,MI,48201,1971-12-30,2000-08-22,***-**-6789,108000,9000,Employed,Operations Manager,21,805,Excellent,5,4,68000,0.19,55080,12920,0,0,0,12920,0,1850,0.14,0,0,0,No,No,0,0,7,2,5,288,288,9,148.5,Excellent,9,16,Own,0,2900,2,Married,Bachelor,7000,98000,32000,Yes,625000,609230,Approved,Low
C024,Melissa,Young,29,F,melissa.young@email.com,555-890-1234,567 Alder Ln,Memphis,TN,38101,1994-04-11,2016-05-30,***-**-0123,59000,4916.67,Employed,Lab Technician,6,692,Fair,3,2,22000,0.41,12980,9020,0,0,16000,5800,3220,920,0.23,2,0,28,No,No,1,0,13,5,8,84,84,3,43.5,Fair,5,4,Rent,1350,0,1,Single,Bachelor,3900,10500,3800,No,58000,42060,Approved,Medium
C025,Tyler,Hernandez,37,Male,t.hernandez@gmail.com,555-901-2345,890 Cottonwood Way,Portland,OR,97201,1986-07-25,2010-10-08,***-**-4567,81000,6750,Employed,Architect,12,748,Good,4,3,46000,0.29,32660,13340,0,0,0,13340,0,1500,0.20,1,0,10,No,No,0,0,10,3,7,168,168,5,86.5,Good,7,8,Own,0,2350,1,Divorced,Master,5400,45000,16000,Yes,335000,316160,Approved,Low
C026,Rebecca,King,24,Female,rebecca.k@yahoo.com,(555)0123456,123 Buckeye Dr,Las Vegas,NV,89101,12-08-1999,2021-03-12,***-**-7890,41000,3416.67,Employed,Customer Service Rep,2,585,Poor,2,1,9000,0.71,2610,6390,0,0,12000,3100,1290,510,0.19,5,2,75,No,No,2,1,22,10,12,24,24,1,12.5,Poor,3,1,Rent,980,0,0,Single,Associate,2750,2500,950,No,22000,13100,Denied,High
C027,Justin,Wright,46,M,justin.wright@company.com,555-012-3456,456 Laurel Ct,Milwaukee,WI,53201,1977-09-02,2005-02-17,***-**-2345,96000,8000,Employed,Financial Analyst,17,772,Good,4,3,54000,0.25,40500,13500,0,0,0,13500,0,1600,0.17,0,0,0,No,No,0,0,9,2,7,228,228,6,117,Excellent,8,12,Own,0,2550,2,Married,Master,6200,58000,19000,Yes,415000,395300,Approved,Low
C028,Sara,Lopez,32,Female,sara.lopez@email.com,,789 Hickory Ave,Albuquerque,NM,87101,1991-01-20,2013-12-04,***-**-5678,68000,5666.67,Employed,Journalist,8,708,Good,3,2,30000,0.35,19500,10500,0,0,18000,7200,3300,1080,0.22,1,0,20,No,No,0,0,10,3,7,132,132,4,68,Good,5,6,Rent,1500,0,1,Married,Bachelor,4300,21000,7200,No,82000,64300,Approved,Low
C029,Patrick,Hill,39,Male,p.hill@gmail.com,555-123-4567,234 Mahogany Rd,Fresno,CA,93701,1984-11-15,2009-06-29,***-**-9012,74000,6166.67,Employed,Police Officer,13,725,Good,3,2,38000,0.32,25840,12160,0,9000,0,3160,0,1280,0.22,1,0,12,No,No,0,0,11,4,7,180,180,5,92.5,Good,5,8,Own,0,2150,2,Married,Associate,4800,35000,11000,No,275000,256680,Approved,Low
C030,Angela,Scott,28,F,angela.scott@outlook.com,555-234-5678,567 Walnut St,Tucson,AZ,85701,06/22/1995,2017-08-16,***-**-3456,56000,4666.67,Employed,Paralegal,5,682,Fair,3,2,20000,0.44,11200,8800,0,0,15000,5200,3600,850,0.22,2,1,32,No,No,1,0,14,6,8,60,60,2,31,Fair,5,3,Rent,1280,0,0,Single,Bachelor,3700,8800,2900,No,48000,34350,Approved,Medium
C031,Eric,Green,50,Male,e.green@email.com,5552345678,890 Cherry Ln,Sacramento,CA,95814,1973-03-07,2002-11-11,***-**-6789,112000,9333.33,Employed,Surgeon,24,815,Excellent,5,4,78000,0.17,64740,13260,0,0,0,13260,0,2050,0.12,0,0,0,No,No,0,0,7,1,6,276,276,8,142,Excellent,9,17,Own,0,3200,3,Married,Doctorate,7800,125000,42000,Yes,785000,769690,Approved,Low
C032,Heather,Adams,27,Female,heather.a@gmail.com,555-345-6789,123 Pinecone Dr,Kansas City,MO,64101,1996-09-28,2018-04-03,***-**-0123,51000,4250,Part-time,Photographer,4,665,Fair,2,1,16000,0.49,8160,7840,0,0,18000,4200,3640,740,0.22,3,1,42,No,No,1,0,17,8,9,48,48,2,25,Fair,3,2,Rent,1180,0,0,Single,Associate,3400,6200,2400,No,39000,23420,Pending,Medium
C033,Brian,Baker,43,M,brian.baker@yahoo.com,555-456-7890,456 Oakwood Ave,Long Beach,CA,90801,1980-06-12,2006-09-20,***-**-4567,89000,7416.67,Employed,Business Analyst,16,755,Good,4,3,50000,0.28,36000,14000,0,0,0,14000,0,1550,0.19,0,0,0,No,No,0,0,10,3,7,216,216,6,111,Excellent,7,10,Own,0,2450,2,Married,Master,5700,52000,17000,Yes,365000,344850,Approved,Low
C034,Michelle,Gonzalez,31,Female,m.gonzalez@email.com,null,789 Elmwood Ct,Mesa,AZ,85201,1992-12-05,2014-07-25,***-**-7890,70000,5833.33,Employed,Teacher,8,718,Good,3,2,32000,0.33,21440,10560,0,0,20000,7200,3360,1050,0.21,1,0,15,No,No,0,0,9,3,6,120,120,4,62,Good,5,6,Rent,1480,0,1,Married,Master,4250,20000,6800,No,85000,68590,Approved,Low
C035,Gregory,Nelson,48,Male,gregory.nelson@outlook.com,555-567-8901,234 Maplewood Rd,Virginia Beach,VA,23451,1975-04-18,2004-01-08,***-**-2345,100000,8333.33,Employed,IT Director,19,788,Good,5,4,64000,0.21,50560,13440,0,0,0,13440,0,1750,0.15,0,0,0,No,No,0,0,8,2,6,252,252,7,129.5,Excellent,9,14,Own,0,2750,2,Married,Bachelor,6600,78000,26000,Yes,545000,528810,Approved,Low
C036,Kimberly,Carter,25,F,kim.carter@gmail.com,555-678-9012,567 Birchwood Ln,Atlanta,GA,30301,July 3 1998,2020-09-14,***-**-5678,43000,3583.33,Employed,Receptionist,2,625,Fair,2,1,11000,0.58,4620,6380,0,0,13000,3800,2580,560,0.20,4,1,55,No,No,1,1,19,9,10,24,24,1,12.5,Fair,3,1,Rent,1080,0,0,Single,High School,2800,3800,1200,No,26000,16060,Denied,Medium
C037,Scott,Mitchell,54,Male,s.mitchell@company.com,5556789012,890 Cedarwood Dr,Raleigh,NC,27601,1969-10-24,1999-05-06,***-**-9012,120000,10000,Employed,VP Sales,26,822,Excellent,6,5,88000,0.16,73920,14080,0,0,0,14080,0,2000,0.13,0,0,0,No,No,0,0,6,1,5,300,300,9,154.5,Excellent,11,19,Own,0,3400,2,Married,Master,8200,142000,48000,Yes,925000,908920,Approved,Low
C038,Laura,Perez,30,Female,laura.perez@email.com,555-789-0123,123 Willowwood Way,Omaha,NE,68101,1993-08-09,2015-03-18,***-**-3456,65000,5416.67,Employed,Occupational Therapist,7,702,Good,3,2,28000,0.36,17920,10080,0,0,17000,6800,3280,1020,0.22,1,0,18,No,No,0,0,10,3,7,96,96,4,50,Good,5,5,Rent,1420,0,1,Single,Master,4050,18000,6200,No,75000,58670,Approved,Low
C039,Andrew,Roberts,35,M,a.roberts@gmail.com,555-890-1234,456 Pineview St,Miami,FL,33101,1988-02-26,2011-11-22,***-**-6789,82000,6833.33,Employed,Real Estate Agent,11,738,Good,4,3,44000,0.30,30800,13200,0,0,0,13200,0,1450,0.19,1,0,10,No,No,0,0,10,3,7,156,156,5,80.5,Good,7,8,Own,0,2280,1,Divorced,Bachelor,5300,48000,15000,Yes,320000,301350,Approved,Low
C040,Cynthia,Turner,44,Female,cynthia.t@yahoo.com,,789 Oakridge Ct,Oakland,CA,94601,1979-11-13,2005-07-12,***-**-0123,93000,7750,Employed,HR Manager,17,765,Good,4,3,56000,0.26,41440,14560,0,0,0,14560,0,1680,0.18,0,0,0,No,No,0,0,9,3,6,228,228,6,117,Excellent,8,12,Own,0,2600,2,Married,Master,6100,62000,21000,Yes,425000,404760,Approved,Low
C041,Jeffrey,Phillips,29,Male,jeff.phillips@outlook.com,555-901-2345,234 Cedarbrook Rd,Tulsa,OK,74101,11-27-1994,2016-08-09,***-**-4567,61000,5083.33,Employed,Construction Manager,6,695,Fair,3,2,26000,0.38,16120,9880,0,8500,0,1380,0,1100,0.22,2,0,22,No,No,1,0,12,5,7,84,84,3,43.5,Fair,5,4,Rent,1380,0,1,Married,Associate,4200,13000,4500,No,64000,48620,Approved,Medium
C042,Jennifer,Campbell,33,F,j.campbell@email.com,555-012-3456,567 Maplecrest Ln,Minneapolis,MN,55401,1990-05-14,2013-09-26,***-**-7890,73000,6083.33,Employed,Software Tester,9,722,Good,3,2,34000,0.32,23120,10880,0,0,19000,7500,4380,1120,0.21,1,0,15,No,No,0,0,10,3,7,132,132,5,68.5,Good,5,7,Rent,1580,0,1,Single,Bachelor,4500,24000,8200,No,92000,75980,Approved,Low
C043,Timothy,Parker,51,Male,tim.parker@gmail.com,5550123456,890 Willowbrook Dr,Cleveland,OH,44101,1972-01-29,2001-06-14,***-**-2345,106000,8833.33,Employed,Plant Manager,22,802,Excellent,5,4,70000,0.18,57400,12600,0,0,0,12600,0,1900,0.14,0,0,0,No,No,0,0,7,2,5,276,276,8,142,Excellent,9,16,Own,0,2850,3,Married,Bachelor,7100,96000,31000,Yes,615000,600500,Approved,Low
C044,Katherine,Evans,26,Female,kate.evans@yahoo.com,555-123-4567,123 Oakbrook Ave,Wichita,KS,67201,08/16/1997,2019-11-05,***-**-5678,48000,4000,Employed,Dental Hygienist,3,658,Fair,2,1,15000,0.51,7350,7650,0,0,16000,4100,3550,710,0.22,3,1,48,No,No,1,0,16,7,9,36,36,2,19,Fair,3,2,Rent,1120,0,0,Single,Associate,3250,6500,2600,No,41000,25640,Pending,Medium
C045,Charles,Edwards,40,M,charles.edwards@outlook.com,555-234-5678,456 Elmbrook Ct,New Orleans,LA,70112,1983-09-22,2008-03-11,***-**-9012,84000,7000,Employed,Manufacturing Engineer,14,742,Good,4,3,48000,0.29,34080,13920,0,9200,0,4720,0,1450,0.20,1,0,12,No,No,0,0,10,3,7,192,192,6,99,Good,7,9,Own,0,2320,2,Married,Bachelor,5600,46000,14000,Yes,348000,328630,Approved,Low
C046,Barbara,Collins,36,Female,barbara.c@email.com,null,789 Cedarbrook Way,Bakersfield,CA,93301,1987-12-08,2010-08-18,***-**-3456,76000,6333.33,Employed,Physical Therapist,12,728,Good,3,2,36000,0.31,24840,11160,0,0,21000,6800,4360,1180,0.21,1,0,18,No,No,0,0,10,3,7,168,168,5,86.5,Good,5,8,Rent,1620,0,2,Married,Doctorate,4800,28000,9500,No,145000,127660,Approved,Low
C047,Thomas,Stewart,47,Male,t.stewart@gmail.com,555-345-6789,234 Pinebrook Rd,Tampa,FL,33601,1976-06-03,2004-12-22,***-**-6789,98000,8166.67,Employed,Quality Manager,18,778,Good,4,3,60000,0.24,45600,14400,0,0,0,14400,0,1700,0.17,0,0,0,No,No,0,0,9,2,7,240,240,7,123.5,Excellent,8,13,Own,0,2650,2,Married,Master,6400,68000,23000,Yes,485000,465900,Approved,Low
C048,Lisa,Sanchez,28,F,lisa.sanchez@company.com,555-456-7890,567 Birchbrook Ln,Anaheim,CA,92801,1995-03-19,2017-05-16,***-**-0123,58000,4833.33,Employed,Web Developer,5,688,Fair,3,2,22000,0.40,13200,8800,0,0,17000,5500,3300,900,0.23,2,0,28,No,No,1,0,13,5,8,60,60,3,31.5,Fair,5,3,Rent,1750,0,0,Single,Bachelor,3850,11500,4100,No,54000,39350,Approved,Medium
C049,Richard,Morris,53,Male,richard.morris@email.com,(555) 567-8901,890 Maplewood Ct,Honolulu,HI,96801,1970-08-27,2000-02-09,***-**-4567,118000,9833.33,Employed,Hotel Manager,23,810,Excellent,5,4,75000,0.17,62250,12750,0,0,0,12750,0,1950,0.13,0,0,0,No,No,0,0,7,2,5,288,288,8,148,Excellent,9,17,Own,0,3050,2,Married,Bachelor,7500,115000,38000,Yes,725000,710300,Approved,Low
C050,Nancy,Rogers,32,Female,nancy.rogers@yahoo.com,555-678-9012,123 Willowcrest Dr,Lexington,KY,40501,10/11/1991,2014-04-30,***-**-7890,69000,5750,Employed,Speech Therapist,8,712,Good,3,2,30000,0.34,19800,10200,0,0,19000,6900,4300,1050,0.21,1,0,20,No,No,0,0,10,3,7,120,120,4,62,Good,5,6,Rent,1450,0,1,Married,Master,4300,22000,7800,No,88000,71450,Approved,Low
C051,Joseph,Reed,45,M,joe.reed@outlook.com,5556789012,456 Cedarview Ave,Corpus Christi,TX,78401,1978-01-16,2006-07-19,***-**-2345,91000,7583.33,Employed,Supply Chain Manager,16,760,Good,4,3,52000,0.27,37960,14040,0,8800,0,5240,0,1520,0.19,0,0,0,No,No,0,0,9,3,6,216,216,6,111,Excellent,7,11,Own,0,2400,2,Married,Bachelor,5900,54000,18000,Yes,395000,375440,Approved,Low
C052,Donna,Cook,27,Female,donna.cook@gmail.com,555-789-0123,789 Oakwood Ct,Stockton,CA,95201,May 5 1996,2018-10-24,***-**-5678,53000,4416.67,Employed,Medical Assistant,4,672,Fair,2,2,18000,0.46,9720,8280,0,0,18000,5100,3180,780,0.22,2,1,35,No,No,1,0,15,6,9,48,48,2,25,Fair,4,3,Rent,1280,0,0,Single,Associate,3550,8200,3100,No,46000,30940,Approved,Medium
C053,Paul,Morgan,49,Male,p.morgan@email.com,555-890-1234,234 Pineview Rd,Henderson,NV,89001,1974-11-20,2003-05-08,***-**-9012,104000,8666.67,Employed,Logistics Manager,20,795,Good,5,4,66000,0.20,52800,13200,0,0,0,13200,0,1800,0.14,0,0,0,No,No,0,0,8,2,6,252,252,7,129.5,Excellent,9,15,Own,0,2780,2,Married,Bachelor,6900,82000,27000,Yes,575000,558000,Approved,Low
C054,Karen,Bell,31,F,karen.bell@company.com,,890 Elmview Ln,Plano,TX,75074,1992-07-08,2014-09-17,***-**-3456,72000,6000,Employed,Recruiter,8,718,Good,3,2,32000,0.33,21440,10560,0,0,20000,7200,3360,1080,0.21,1,0,15,No,No,0,0,9,3,6,120,120,4,62,Good,5,6,Rent,1550,0,1,Single,Bachelor,4400,21000,7200,No,86000,69280,Approved,Low
C055,Mark,Murphy,42,Male,mark.murphy@gmail.com,555-901-2345,123 Birchview Dr,Lincoln,NE,68501,1981-04-25,2007-11-13,***-**-6789,87000,7250,Employed,Civil Engineer,15,752,Good,4,3,50000,0.28,36000,14000,0,9500,0,4500,0,1480,0.20,0,0,0,No,No,0,0,10,3,7,204,204,6,105,Good,7,10,Own,0,2350,2,Married,Master,5700,50000,16000,Yes,370000,351520,Approved,Low
C056,Carol,Bailey,34,Female,carol.bailey@yahoo.com,555-012-3456,456 Maplecrest Ave,Orlando,FL,32801,1989-09-12,2012-03-28,***-**-0123,75000,6250,Employed,Event Planner,10,725,Good,3,2,38000,0.32,25840,12160,0,0,22000,7800,2360,1220,0.22,1,0,18,No,No,0,0,10,3,7,144,144,5,74.5,Good,5,7,Rent,1680,0,1,Married,Bachelor,4700,26000,9000,No,115000,96620,Approved,Low
C057,Steven,Rivera,56,M,s.rivera@outlook.com,5550123456,789 Cedarbrook Dr,Chula Vista,CA,91910,1967-02-18,1997-08-05,***-**-4567,122000,10166.67,Employed,Construction Director,27,818,Excellent,6,5,82000,0.16,68880,13120,0,0,0,13120,0,2050,0.13,0,0,0,No,No,0,0,6,1,5,324,324,10,167,Excellent,11,20,Own,0,3300,2,Married,Bachelor,8400,135000,46000,Yes,895000,879830,Approved,Low
C058,Margaret,Cooper,29,Female,margaret.c@email.com,555-123-4567,234 Willowridge Ct,Jersey City,NJ,07302,06-30-1994,2016-12-14,***-**-7890,64000,5333.33,Employed,Interior Designer,6,698,Fair,3,2,26000,0.37,16380,9620,0,0,18000,6300,3320,980,0.22,2,0,25,No,No,1,0,12,4,8,84,84,3,43.5,Fair,5,5,Rent,1820,0,0,Single,Bachelor,4100,14000,5200,No,68000,52380,Approved,Medium
C059,Robert,Richardson,38,Male,robert.r@gmail.com,555-234-5678,567 Oakridge Way,Norfolk,VA,23501,1985-12-02,2009-08-25,***-**-2345,80000,6666.67,Employed,Database Administrator,13,735,Good,4,3,44000,0.30,30800,13200,0,0,0,13200,0,1420,0.19,1,0,12,No,No,0,0,10,3,7,180,180,5,92.5,Good,7,9,Own,0,2280,1,Divorced,Bachelor,5200,44000,15000,Yes,315000,296380,Approved,Low
C060,Dorothy,Cox,46,F,dorothy.cox@company.com,null,890 Pineridge Ln,Reno,NV,89501,1977-05-21,2005-01-19,***-**-5678,95000,7916.67,Employed,Purchasing Manager,18,770,Good,4,3,58000,0.25,43500,14500,0,0,0,14500,0,1650,0.17,0,0,0,No,No,0,0,9,2,7,228,228,6,117,Excellent,8,13,Own,0,2550,2,Married,Bachelor,6300,64000,22000,Yes,445000,424850,Approved,Low
C061,George,Howard,30,Male,george.howard@email.com,555-345-6789,123 Elmcrest Rd,Laredo,TX,78040,11/08/1993,2015-07-22,***-**-9012,62000,5166.67,Employed,Systems Analyst,7,705,Good,3,2,28000,0.36,17920,10080,0,0,19000,6500,4580,1020,0.22,1,0,18,No,No,0,0,11,4,7,96,96,4,50,Good,5,5,Rent,1320,0,1,Single,Bachelor,4050,16000,5800,No,72000,56900,Approved,Low
C062,Maria,Ward,25,Female,maria.ward@yahoo.com,555-456-7890,456 Birchcrest Ave,Lubbock,TX,79401,August 14 1998,2020-04-06,***-**-3456,44000,3666.67,Employed,Pharmacy Technician,2,638,Fair,2,1,13000,0.54,5980,7020,0,0,14000,4200,2820,590,0.20,3,1,45,No,No,1,1,18,8,10,24,24,1,12.5,Fair,3,1,Rent,1020,0,0,Single,Associate,2900,4500,1600,No,30000,18390,Pending,Medium
C063,Donald,Torres,52,M,d.torres@outlook.com,(555)5678901,789 Maplefield Dr,Durham,NC,27701,1971-03-26,2001-10-30,***-**-6789,109000,9083.33,Employed,Engineering Manager,21,808,Excellent,5,4,72000,0.18,59040,12960,0,0,0,12960,0,1900,0.14,0,0,0,No,No,0,0,7,2,5,276,276,8,142,Excellent,9,16,Own,0,2950,3,Married,Master,7200,102000,34000,Yes,665000,649140,Approved,Low
C064,Sandra,Peterson,33,Female,sandra.peterson@gmail.com,555-567-8901,234 Cedarfield Ct,Winston-Salem,NC,27101,1990-10-19,2013-06-11,***-**-0123,71000,5916.67,Employed,Dietitian,9,715,Good,3,2,32000,0.34,21120,10880,0,0,20000,7500,3380,1100,0.22,1,0,20,No,No,0,0,10,3,7,132,132,4,68,Good,5,6,Rent,1520,0,1,Married,Bachelor,4400,20000,7000,No,84000,66020,Approved,Low
C065,Kenneth,Gray,41,Male,kenneth.gray@email.com,555-678-9012,567 Willowfield Ln,Irving,TX,75061,1982-07-07,2007-12-04,***-**-4567,86000,7166.67,Employed,Technical Writer,15,748,Good,4,3,48000,0.29,34080,13920,0,8900,0,5020,0,1480,0.20,1,0,10,No,No,0,0,10,3,7,204,204,6,105,Good,7,10,Own,0,2380,2,Married,Master,5600,52000,17000,Yes,375000,355600,Approved,Low
C066,Betty,Ramirez,28,F,betty.ramirez@company.com,,890 Oakfield Way,Fremont,CA,94536,1995-01-31,2017-09-19,***-**-7890,60000,5000,Employed,Lab Assistant,5,685,Fair,3,2,24000,0.41,14160,9840,0,0,18000,5600,4240,920,0.22,2,0,30,No,No,1,0,14,6,8,60,60,3,31.5,Fair,5,3,Rent,1880,0,0,Single,Bachelor,3950,10500,3800,No,56000,40210,Approved,Medium
C067,Edward,James,50,Male,edward.james@yahoo.com,555-789-0123,123 Pinefield Rd,Richmond,VA,23218,1973-08-13,2002-04-17,***-**-2345,101000,8416.67,Employed,Operations Director,21,792,Good,5,4,64000,0.21,50560,13440,0,0,0,13440,0,1800,0.15,0,0,0,No,No,0,0,8,2,6,264,264,8,136,Excellent,9,15,Own,0,2720,2,Married,Bachelor,6800,86000,29000,Yes,595000,578760,Approved,Low
C068,Helen,Watson,35,Female,helen.watson@outlook.com,555-890-1234,456 Elmfield Ave,Boise,ID,83702,1988-04-09,2011-05-24,***-**-5678,78000,6500,Employed,Training Specialist,11,732,Good,4,3,40000,0.31,27600,12400,0,0,0,12400,0,1380,0.19,1,0,15,No,No,0,0,10,3,7,156,156,5,80.5,Good,7,8,Rent,1580,0,1,Single,Master,4900,32000,11000,No,165000,147220,Approved,Low
C069,Ronald,Brooks,44,M,ronald.brooks@gmail.com,5559012345,789 Birchfield Ct,Spokane,WA,99201,1979-11-28,2006-08-09,***-**-9012,92000,7666.67,Employed,Production Manager,16,758,Good,4,3,54000,0.27,39420,14580,0,9300,0,5280,0,1550,0.19,0,0,0,No,No,0,0,9,3,6,216,216,6,111,Excellent,7,11,Own,0,2450,2,Married,Associate,5900,56000,19000,Yes,405000,384870,Approved,Low
C070,Ruth,Kelly,26,Female,ruth.kelly@email.com,555-901-2345,234 Maplecrest Ct,Des Moines,IA,50309,09-23-1997,2019-02-13,***-**-3456,50000,4166.67,Employed,Preschool Teacher,3,665,Fair,2,1,16000,0.49,8160,7840,0,0,17000,4500,3340,730,0.22,3,1,42,No,No,1,0,17,8,9,36,36,2,19,Fair,3,2,Rent,1080,0,0,Single,Bachelor,3350,7200,2800,No,42000,26530,Pending,Medium
C071,Frank,Sanders,48,Male,frank.sanders@company.com,555-012-3456,567 Cedarwood Way,Little Rock,AR,72201,1975-06-15,2004-11-20,***-**-6789,97000,8083.33,Employed,Safety Manager,18,775,Good,4,3,56000,0.26,41440,14560,0,0,0,14560,0,1680,0.17,0,0,0,No,No,0,0,9,2,7,240,240,7,123.5,Excellent,8,13,Own,0,2580,2,Married,Bachelor,6200,66000,22000,Yes,465000,444760,Approved,Low
C072,Anna,Price,32,F,anna.price@yahoo.com,5550123456,890 Willowcrest Way,Madison,WI,53703,1991-02-04,2014-08-27,***-**-0123,70000,5833.33,Employed,Social Media Manager,8,710,Good,3,2,30000,0.35,19500,10500,0,0,19000,7100,4400,1070,0.21,1,0,18,No,No,0,0,10,3,7,120,120,4,62,Good,5,6,Rent,1480,0,1,Married,Bachelor,4350,20000,7200,No,85000,68430,Approved,Low
C073,Raymond,Bennett,54,Male,raymond.bennett@email.com,555-123-4567,123 Oakview Rd,Grand Rapids,MI,49503,1969-09-21,1999-12-08,***-**-4567,115000,9583.33,Employed,CFO,24,820,Excellent,6,5,80000,0.16,67200,12800,0,0,0,12800,0,2000,0.13,0,0,0,No,No,0,0,6,1,5,300,300,9,154.5,Excellent,11,19,Own,0,3250,2,Married,MBA,8100,138000,47000,Yes,885000,870200,Approved,Low
C074,Virginia,Wood,29,Female,virginia.wood@gmail.com,null,456 Pineview Ave,Salt Lake City,UT,84101,1994-12-17,2016-06-22,***-**-7890,63000,5250,Employed,Research Analyst,6,695,Fair,3,2,26000,0.38,16120,9880,0,0,18000,6400,3480,1000,0.22,2,0,25,No,No,1,0,13,5,8,84,84,3,43.5,Fair,5,4,Rent,1420,0,0,Single,Master,4050,15000,5500,No,70000,54620,Approved,Medium
C075,Jack,Barnes,37,M,jack.barnes@outlook.com,555-234-5678,789 Elmcrest Way,Tallahassee,FL,32301,1986-05-28,2010-03-16,***-**-2345,81000,6750,Employed,Network Engineer,12,740,Good,4,3,46000,0.30,32200,13800,0,0,0,13800,0,1500,0.19,1,0,12,No,No,0,0,10,3,7,168,168,5,86.5,Good,7,9,Own,0,2300,1,Divorced,Bachelor,5300,46000,15000,Yes,330000,311700,Approved,Low
C076,Judy,Ross,43,Female,judy.ross@email.com,555-345-6789,234 Birchwood Rd,Knoxville,TN,37901,1980-08-06,2006-09-13,***-**-5678,89000,7416.67,Employed,Compliance Officer,16,755,Good,4,3,52000,0.28,37440,14560,0,0,0,14560,0,1620,0.18,0,0,0,No,No,0,0,9,3,6,216,216,6,111,Excellent,8,12,Own,0,2480,2,Married,Master,6000,60000,20000,Yes,425000,404820,Approved,Low
C077,Terry,Henderson,31,Male,terry.henderson@company.com,5553456789,567 Maplewood Ct,Mobile,AL,36601,10/02/1992,2014-11-19,***-**-9012,68000,5666.67,Employed,Quality Analyst,8,708,Good,3,2,30000,0.35,19500,10500,0,0,19000,7200,4300,1080,0.22,1,0,20,No,No,0,0,10,3,7,120,120,4,62,Good,5,6,Rent,1380,0,1,Single,Bachelor,4250,19000,6800,No,80000,63450,Approved,Low
C078,Evelyn,Coleman,27,F,evelyn.coleman@gmail.com,555-456-7890,890 Cedarwood Ave,Worcester,MA,01601,July 26 1996,2018-05-09,***-**-3456,55000,4583.33,Employed,Library Assistant,4,678,Fair,2,2,19000,0.45,10450,8550,0,0,17000,4900,3650,810,0.22,2,1,32,No,No,1,0,15,6,9,48,48,2,25,Fair,4,3,Rent,1250,0,0,Single,Bachelor,3650,9000,3400,No,50000,33640,Approved,Medium
C079,Willie,Jenkins,46,Male,willie.jenkins@yahoo.com,555-567-8901,123 Willowbrook Ave,Providence,RI,02901,1977-03-13,2005-07-26,***-**-6789,94000,7833.33,Employed,Maintenance Supervisor,17,768,Good,4,3,56000,0.26,41440,14560,0,9100,0,5460,0,1600,0.19,0,0,0,No,No,0,0,9,3,6,228,228,6,117,Excellent,8,12,Own,0,2520,2,Married,High School,6100,58000,19000,Yes,420000,399840,Approved,Low
C080,Alice,Perry,34,Female,alice.perry@outlook.com,,456 Oakbrook Way,Grand Prairie,TX,75050,1989-11-30,2012-10-23,***-**-0123,74000,6166.67,Employed,Budget Analyst,10,722,Good,3,2,34000,0.32,23120,10880,0,0,20000,7500,3380,1100,0.21,1,0,15,No,No,0,0,10,3,7,144,144,5,74.5,Good,5,7,Rent,1540,0,1,Married,Master,4550,25000,8800,No,112000,94620,Approved,Low
C081,Henry,Powell,39,M,henry.powell@email.com,555-678-9012,789 Pinebrook Way,Brownsville,TX,78520,1984-06-18,2009-01-14,***-**-4567,79000,6583.33,Employed,Plant Engineer,13,735,Good,4,3,44000,0.30,30800,13200,0,8600,0,4600,0,1400,0.20,1,0,10,No,No,0,0,10,3,7,180,180,5,92.5,Good,7,9,Own,0,2200,2,Married,Bachelor,5200,44000,14000,Yes,320000,301400,Approved,Low
C082,Frances,Long,25,Female,frances.long@gmail.com,555-789-0123,234 Elmbrook Way,Fort Lauderdale,FL,33301,03-08-1998,2020-07-28,***-**-7890,46000,3833.33,Employed,Bank Teller,2,645,Fair,2,1,14000,0.53,6580,7420,0,0,15000,4100,3320,610,0.20,4,1,50,No,No,1,1,19,9,10,24,24,1,12.5,Fair,3,1,Rent,1090,0,0,Single,Associate,2950,4800,1800,No,32000,17010,Denied,Medium
C083,Roy,Patterson,51,Male,roy.patterson@company.com,5558901234,567 Birchview Way,Port St. Lucie,FL,34952,1972-10-25,2002-03-20,***-**-2345,107000,8916.67,Employed,Distribution Manager,20,800,Excellent,5,4,70000,0.19,56700,13300,0,0,0,13300,0,1900,0.14,0,0,0,No,No,0,0,7,2,5,276,276,8,142,Excellent,9,16,Own,0,2880,3,Married,Bachelor,7100,94000,30000,Yes,640000,624800,Approved,Low
C084,Carolyn,Hughes,30,F,carolyn.hughes@email.com,555-890-1234,890 Maplefield Way,Moreno Valley,CA,92551,1993-12-11,2015-09-30,***-**-5678,66000,5500,Employed,Case Manager,7,700,Good,3,2,28000,0.36,17920,10080,0,0,18000,6700,4380,1000,0.22,1,0,18,No,No,0,0,11,4,7,96,96,4,50,Good,5,5,Rent,1650,0,1,Single,Master,4100,17000,6000,No,75000,58920,Approved,Low
C085,Ralph,Flores,45,Male,ralph.flores@yahoo.com,555-901-2345,123 Cedarfield Way,Huntsville,AL,35801,08-19-1978,2005-06-08,***-**-9012,90000,7500,Employed,Electrical Engineer,17,762,Good,4,3,52000,0.27,37960,14040,0,8700,0,5340,0,1520,0.19,0,0,0,No,No,0,0,9,3,6,228,228,6,117,Excellent,8,12,Own,0,2420,2,Married,Bachelor,5900,54000,18000,Yes,395000,375440,Approved,Low
C086,Jean,Washington,28,Female,jean.washington@outlook.com,null,456 Willowridge Way,Akron,OH,44301,1995-05-07,2017-11-21,***-**-3456,57000,4750,Employed,Customer Success Manager,5,682,Fair,3,2,22000,0.42,12760,9240,0,0,17000,5900,3340,880,0.23,2,0,28,No,No,1,0,14,6,8,60,60,3,31.5,Fair,5,3,Rent,1280,0,0,Single,Bachelor,3800,11000,4200,No,54000,38580,Approved,Medium
C087,Eugene,Butler,53,M,eugene.butler@gmail.com,555-012-3456,789 Oakwood Way,Modesto,CA,95350,1970-01-15,2000-10-17,***-**-6789,113000,9416.67,Employed,Warehouse Manager,23,812,Excellent,5,4,74000,0.18,60680,13320,0,0,0,13320,0,1950,0.13,0,0,0,No,No,0,0,7,2,5,288,288,8,148,Excellent,9,17,Own,0,3020,2,Married,Associate,7400,108000,36000,Yes,705000,689730,Approved,Low
C088,Kathryn,Simmons,33,Female,kathryn.simmons@email.com,555-123-4567,234 Pinebrook Ave,Fayetteville,NC,28301,1990-08-22,2013-04-15,***-**-0123,72000,6000,Employed,UX Researcher,9,720,Good,3,2,32000,0.33,21440,10560,0,0,20000,7200,3360,1080,0.21,1,0,15,No,No,0,0,9,3,6,132,132,4,68,Good,5,6,Rent,1500,0,1,Married,Master,4400,22000,7600,No,88000,71320,Approved,Low
C089,Harold,Foster,42,Male,harold.foster@company.com,5551234567,567 Elmwood Ave,Columbus,GA,31901,1981-11-09,2007-08-29,***-**-4567,85000,7083.33,Employed,Process Engineer,15,745,Good,4,3,48000,0.29,34080,13920,0,9000,0,4920,0,1480,0.20,1,0,12,No,No,0,0,10,3,7,204,204,6,105,Good,7,10,Own,0,2320,2,Married,Bachelor,5600,50000,16000,Yes,365000,345600,Approved,Low
C090,Deborah,Gonzales,36,F,deborah.g@yahoo.com,555-234-5678,890 Birchbrook Ave,Sterling Heights,MI,48310,1987-03-16,2011-12-06,***-**-7890,77000,6416.67,Employed,Medical Coder,11,728,Good,3,2,36000,0.31,24840,11160,0,0,21000,6900,4260,1150,0.21,1,0,18,No,No,0,0,10,3,7,156,156,5,80.5,Good,5,8,Rent,1420,0,2,Married,Associate,4700,27000,9200,No,135000,117690,Approved,Low
C091,Gerald,Bryant,49,Male,gerald.bryant@outlook.com,555-345-6789,123 Maplewood Ave,Sioux Falls,SD,57101,1974-06-28,2003-09-23,***-**-2345,99000,8250,Employed,Facilities Manager,19,780,Good,4,3,58000,0.24,44080,13920,0,0,0,13920,0,1700,0.17,0,0,0,No,No,0,0,8,2,6,252,252,7,129.5,Excellent,8,14,Own,0,2650,2,Married,Bachelor,6500,72000,24000,Yes,515000,496380,Approved,Low
C092,Diane,Alexander,26,Female,diane.alexander@gmail.com,,456 Cedarbrook Ave,Peoria,AZ,85345,September 4 1997,2019-05-17,***-**-5678,49000,4083.33,Employed,Hairstylist,3,655,Fair,2,1,15000,0.50,7500,7500,0,0,16000,4200,3300,700,0.21,3,1,45,No,No,1,0,17,8,9,36,36,2,19,Fair,3,2,Rent,1100,0,0,Single,High School,3300,6800,2500,No,40000,25200,Pending,Medium
C093,Carl,Russell,57,M,carl.russell@email.com,555-456-7890,789 Willowcrest Ave,Overland Park,KS,66204,1966-04-11,1996-11-13,***-**-9012,125000,10416.67,Employed,VP Operations,28,828,Excellent,6,5,90000,0.15,76500,13500,0,0,0,13500,0,2100,0.13,0,0,0,No,No,0,0,5,1,4,336,336,11,173,Excellent,11,21,Own,0,3500,2,Married,MBA,8800,155000,52000,Yes,1020000,1004400,Approved,Low
C094,Janet,Griffin,31,Female,janet.griffin@company.com,555-567-8901,234 Oakridge Ave,Cape Coral,FL,33904,1992-07-19,2014-10-29,***-**-3456,69000,5750,Employed,Public Relations,8,712,Good,3,2,30000,0.34,19800,10200,0,0,19000,6900,4300,1050,0.21,1,0,20,No,No,0,0,10,3,7,120,120,4,62,Good,5,6,Rent,1480,0,1,Married,Bachelor,4350,21000,7400,No,86000,69450,Approved,Low
C095,Arthur,Diaz,44,Male,arthur.diaz@yahoo.com,5556789012,567 Pineview Ave,Springfield,MO,65801,1979-10-03,2006-05-24,***-**-6789,91000,7583.33,Employed,Quality Engineer,16,758,Good,4,3,52000,0.27,37960,14040,0,8800,0,5240,0,1520,0.19,0,0,0,No,No,0,0,9,3,6,216,216,6,111,Excellent,7,11,Own,0,2400,2,Married,Bachelor,5900,56000,18000,Yes,395000,375440,Approved,Low
C096,Julie,Hayes,29,F,julie.hayes@outlook.com,555-678-9012,890 Elmcrest Ave,Salem,OR,97301,1994-02-14,2016-08-18,***-**-0123,61000,5083.33,Employed,Graphic Artist,6,692,Fair,3,2,24000,0.39,14640,9360,0,0,18000,6000,3360,950,0.23,2,0,25,No,No,1,0,13,5,8,84,84,3,43.5,Fair,5,4,Rent,1380,0,0,Single,Bachelor,4000,13000,4800,No,62000,46690,Approved,Medium
C097,Joe,Myers,38,Male,joe.myers@email.com,null,123 Birchfield Ave,Lancaster,CA,93534,11-12-1985,2009-09-09,***-**-4567,80000,6666.67,Employed,Logistics Coordinator,13,738,Good,4,3,44000,0.30,30800,13200,0,0,0,13200,0,1420,0.19,1,0,12,No,No,0,0,10,3,7,180,180,5,92.5,Good,7,9,Own,0,2280,1,Divorced,Associate,5200,46000,15000,Yes,325000,306380,Approved,Low
C098,Joyce,Ford,47,Female,joyce.ford@gmail.com,555-789-0123,456 Maplecrest Way,Eugene,OR,97401,1976-09-26,2004-02-11,***-**-7890,96000,8000,Self-employed,Photographer,18,772,Good,4,4,56000,0.26,41440,14560,0,0,0,14560,0,1650,0.17,0,0,0,No,No,0,0,9,3,6,240,240,7,123.5,Excellent,8,13,Own,0,2550,2,Married,Bachelor,6300,68000,23000,Yes,475000,454790,Approved,Low
C099,Larry,Hamilton,35,M,larry.hamilton@company.com,555-890-1234,789 Cedarview Way,Pembroke Pines,FL,33024,1988-06-01,2012-11-14,***-**-2345,75000,6250,Employed,Production Planner,10,725,Good,3,2,36000,0.32,24480,11520,0,0,21000,7800,2720,1180,0.22,1,0,18,No,No,0,0,10,3,7,144,144,5,74.5,Good,5,7,Rent,1620,0,1,Married,Bachelor,4750,28000,9500,No,125000,107230,Approved,Low
C100,Marilyn,Graham,52,Female,marilyn.graham@yahoo.com,5559012345,234 Willowfield Way,Hollywood,FL,33019,1971-01-08,2001-07-25,***-**-5678,110000,9166.67,Employed,Compliance Director,22,808,Excellent,5,4,72000,0.18,59040,12960,0,0,0,12960,0,1900,0.14,0,0,0,No,No,0,0,7,2,5,276,276,8,142,Excellent,9,16,Own,0,2950,3,Married,Master,7300,105000,35000,Yes,680000,664140,Approved,Low
C101,Wayne,Sullivan,27,Male,wayne.sullivan@email.com,555-901-2345,567 Oakfield Way,Oceanside,CA,92054,05-20-1996,2018-03-28,***-**-9012,54000,4500,Employed,Fitness Trainer,4,672,Fair,2,2,19000,0.46,10260,8740,0,0,17000,5100,3640,820,0.23,2,1,35,No,No,1,0,15,6,9,48,48,2,25,Fair,4,3,Rent,1580,0,0,Single,Associate,3700,9500,3600,No,51000,34580,Approved,Medium
C102,Janice,Wallace,40,F,janice.wallace@outlook.com,555-012-3456,890 Pinefield Way,Garden Grove,CA,92840,1983-08-17,2008-12-03,***-**-3456,88000,7333.33,Employed,Marketing Director,14,752,Good,4,3,54000,0.28,38880,15120,0,0,0,15120,0,1680,0.18,0,0,0,No,No,0,0,9,3,6,192,192,6,99,Excellent,8,11,Own,0,2520,2,Married,Master,6000,62000,21000,Yes,445000,424280,Approved,Low
C103,Jeremy,West,34,Male,jeremy.west@gmail.com,,123 Elmfield Way,Rancho Cucamonga,CA,91730,1989-12-29,2013-05-22,***-**-6789,73000,6083.33,Employed,Systems Engineer,9,718,Good,3,2,32000,0.33,21440,10560,0,0,20000,7200,3360,1080,0.21,1,0,15,No,No,0,0,9,3,6,132,132,4,68,Good,5,6,Rent,1850,0,1,Single,Bachelor,4550,23000,8000,No,95000,78370,Approved,Low
C104,Theresa,Cole,46,Female,theresa.cole@email.com,555-123-4567,456 Birchwood Way,Santa Rosa,CA,95401,1977-04-05,2005-09-19,***-**-0123,94000,7833.33,Employed,Inventory Manager,17,768,Good,4,3,56000,0.26,41440,14560,0,0,0,14560,0,1650,0.17,0,0,0,No,No,0,0,9,2,7,228,228,6,117,Excellent,8,13,Own,0,2580,2,Married,Bachelor,6200,66000,22000,Yes,465000,444790,Approved,Low
C105,Philip,Owens,30,M,philip.owens@company.com,555-234-5678,789 Maplewood Way,Ontario,CA,91761,10/15/1993,2015-11-30,***-**-4567,64000,5333.33,Employed,Loan Officer,7,702,Good,3,2,28000,0.36,17920,10080,0,0,19000,6500,4580,1020,0.22,1,0,18,No,No,0,0,11,4,7,96,96,4,50,Good,5,5,Rent,1680,0,1,Single,Bachelor,4150,17000,6200,No,74000,57700,Approved,Low
C106,Rose,Reynolds,24,Female,rose.reynolds@yahoo.com,5552345678,234 Cedarwood Way,Chattanooga,TN,37401,Dec 2 1999,2021-06-23,***-**-7890,42000,3500,Employed,Veterinary Assistant,2,628,Fair,2,1,12000,0.56,5280,6720,0,0,13000,3900,2820,570,0.20,4,1,52,No,No,1,1,20,9,11,24,24,1,12.5,Fair,3,1,Rent,950,0,0,Single,Associate,2850,4200,1400,No,28000,17860,Denied,Medium
C107,Russell,Ortiz,55,Male,russell.ortiz@outlook.com,555-345-6789,567 Willowbrook Way,Santa Clarita,CA,91350,1968-07-23,1998-04-14,***-**-2345,121000,10083.33,Employed,Senior Engineer,26,825,Excellent,6,5,85000,0.16,71400,13600,0,0,0,13600,0,2050,0.13,0,0,0,No,No,0,0,6,1,5,312,312,10,161,Excellent,11,18,Own,0,3400,2,Married,Master,8600,148000,50000,Yes,965000,949350,Approved,Low
C108,Gloria,Chavez,32,F,gloria.chavez@gmail.com,555-456-7890,890 Oakbrook Way,Newport News,VA,23601,1991-03-11,2014-12-17,***-**-5678,70000,5833.33,Employed,Business Development,8,715,Good,3,2,32000,0.34,21120,10880,0,0,20000,7500,3380,1100,0.22,1,0,20,No,No,0,0,10,3,7,120,120,4,62,Good,5,6,Rent,1520,0,1,Married,Master,4400,21000,7400,No,86000,68720,Approved,Low
C109,Fred,Marshall,41,Male,fred.marshall@email.com,null,123 Pinebrook Way,Tempe,AZ,85281,1982-10-07,2007-06-20,***-**-9012,86000,7166.67,Employed,Safety Engineer,15,748,Good,4,3,50000,0.29,35500,14500,0,9100,0,5400,0,1500,0.20,1,0,10,No,No,0,0,10,3,7,204,204,6,105,Good,7,10,Own,0,2380,2,Married,Bachelor,5700,54000,17000,Yes,385000,365000,Approved,Low
C110,Norma,Tucker,28,Female,norma.tucker@company.com,555-567-8901,456 Elmbrook Way,Springfield,MA,01103,1995-11-24,2017-07-12,***-**-3456,58000,4833.33,Employed,Content Writer,5,685,Fair,3,2,22000,0.41,12980,9020,0,0,17000,5800,3220,900,0.23,2,0,28,No,No,1,0,14,6,8,60,60,3,31.5,Fair,5,3,Rent,1380,0,0,Single,Bachelor,3900,11000,4000,No,55000,39180,Approved,Medium
C111,Bobby,Mills,50,M,bobby.mills@yahoo.com,555-678-9012,789 Birchcrest Way,Murfreesboro,TN,37128,1973-02-19,2002-08-27,***-**-6789,102000,8500,Employed,Construction Supervisor,21,792,Good,5,4,64000,0.21,50560,13440,0,0,0,13440,0,1800,0.15,0,0,0,No,No,0,0,8,2,6,264,264,8,136,Excellent,9,15,Own,0,2720,2,Married,Associate,6800,88000,29000,Yes,605000,588760,Approved,Low
C112,Christine,Berry,33,Female,christine.berry@outlook.com,5557890123,234 Maplefield Way,Fargo,ND,58102,1990-09-05,2013-11-20,***-**-0123,71000,5916.67,Employed,Veterinarian,9,720,Good,3,2,32000,0.33,21440,10560,0,0,20000,7200,3360,1080,0.21,1,0,15,No,No,0,0,9,3,6,132,132,4,68,Good,5,6,Rent,1380,0,2,Married,Doctorate,4400,23000,7800,No,115000,98420,Approved,Low
C113,Howard,Lawson,45,Male,howard.lawson@gmail.com,555-789-0123,567 Cedarfield Way,Glendale,AZ,85301,1978-05-13,2006-03-08,***-**-4567,89000,7416.67,Employed,Project Coordinator,16,755,Good,4,3,52000,0.28,37440,14560,0,8900,0,5660,0,1580,0.19,0,0,0,No,No,0,0,9,3,6,216,216,6,111,Excellent,7,11,Own,0,2450,2,Married,Bachelor,5900,58000,19000,Yes,415000,394860,Approved,Low
C114,Nicole,Stephens,26,F,nicole.stephens@email.com,555-890-1234,890 Willowview Way,Cary,NC,27511,June 27 1997,2019-08-14,***-**-7890,51000,4250,Employed,Fashion Designer,3,665,Fair,2,1,16000,0.49,8160,7840,0,0,17000,4500,3340,730,0.22,3,1,42,No,No,1,0,17,8,9,36,36,2,19,Fair,3,2,Rent,1250,0,0,Single,Bachelor,3400,7800,2900,No,43000,27430,Pending,Medium
C115,Douglas,Webb,48,Male,douglas.webb@company.com,5559012345,123 Oakview Way,High Point,NC,27260,1975-12-01,2004-10-13,***-**-2345,97000,8083.33,Employed,Fleet Manager,18,775,Good,4,3,56000,0.26,41440,14560,0,0,0,14560,0,1680,0.17,0,0,0,No,No,0,0,9,2,7,240,240,7,123.5,Excellent,8,13,Own,0,2580,2,Married,Bachelor,6200,70000,24000,Yes,485000,464760,Approved,Low
C116,Tina,Daniels,37,Female,tina.daniels@yahoo.com,,456 Pineview Way,Concord,CA,94519,1986-08-09,2011-01-26,***-**-5678,78000,6500,Employed,Pharmacist,11,732,Good,4,3,42000,0.31,28980,13020,0,0,22000,8200,2820,1380,0.20,1,0,15,No,No,0,0,10,3,7,156,156,5,80.5,Good,7,8,Rent,1780,0,1,Single,Doctorate,5000,38000,13000,No,195000,176620,Approved,Low
C117,Roger,Knight,53,M,roger.knight@outlook.com,555-012-3456,789 Elmview Way,Billings,MT,59101,1970-04-17,2000-06-21,***-**-9012,112000,9333.33,Employed,Operations VP,22,815,Excellent,5,4,76000,0.17,63080,12920,0,0,0,12920,0,1950,0.13,0,0,0,No,No,0,0,7,2,5,288,288,8,148,Excellent,9,17,Own,0,3000,3,Married,MBA,7600,118000,40000,Yes,755000,739230,Approved,Low
C118,Denise,Mann,31,Female,denise.mann@gmail.com,555-123-4567,234 Birchfield Way,Clearwater,FL,33755,1992-11-22,2014-07-09,***-**-3456,68000,5666.67,Employed,Brand Manager,8,708,Good,3,2,30000,0.35,19500,10500,0,0,19000,7200,4300,1080,0.22,1,0,20,No,No,0,0,10,3,7,132,132,4,68,Good,5,6,Rent,1520,0,1,Married,Master,4350,20000,7000,No,83000,66430,Approved,Low
C119,Dennis,Herrera,39,Male,dennis.herrera@email.com,5551234567,567 Maplecrest Way,West Valley City,UT,84119,09-03-1984,2009-04-15,***-**-6789,82000,6833.33,Employed,Production Supervisor,13,740,Good,4,3,46000,0.30,32200,13800,0,0,0,13800,0,1500,0.19,1,0,12,No,No,0,0,10,3,7,180,180,5,92.5,Good,7,9,Own,0,2300,2,Married,Associate,5400,48000,15000,Yes,340000,321700,Approved,Low
C120,Joan,Ferguson,44,F,joan.ferguson@company.com,555-234-5678,890 Cedarview Way,Richmond,CA,94801,1979-07-11,2006-12-19,***-**-0123,90000,7500,Employed,Compensation Analyst,16,758,Good,4,3,52000,0.27,37960,14040,0,0,0,14040,0,1550,0.18,0,0,0,No,No,0,0,9,3,6,216,216,6,111,Excellent,8,12,Own,0,2480,2,Married,Master,6100,64000,21000,Yes,445000,425410,Approved,Low
C121,Albert,Silva,29,Male,albert.silva@yahoo.com,555-345-6789,123 Willowfield Way,Pearland,TX,77581,1994-01-28,2016-09-27,***-**-4567,60000,5000,Employed,Biomedical Technician,6,695,Fair,3,2,24000,0.38,14880,9120,0,0,18000,6000,3120,940,0.23,2,0,22,No,No,1,0,12,5,7,84,84,3,43.5,Fair,5,4,Rent,1320,0,0,Single,Bachelor,3950,12000,4400,No,60000,44730,Approved,Medium
C122,Doris,Boyd,25,Female,doris.boyd@outlook.com,null,456 Oakfield Way,Antioch,CA,94509,04-16-1998,2020-10-20,***-**-7890,45000,3750,Part-time,Museum Guide,2,642,Fair,2,1,13000,0.55,5850,7150,0,0,14000,3800,2350,600,0.20,4,1,48,No,No,1,1,19,9,10,24,24,1,12.5,Fair,3,1,Rent,1180,0,0,Single,Associate,2900,4800,1700,No,31000,18550,Denied,Medium
C123,Jesse,Stone,54,M,jesse.stone@gmail.com,555-456-7890,789 Pinebrook Way,Everett,WA,98201,1969-10-09,1999-03-11,***-**-2345,116000,9666.67,Employed,Logistics Director,24,822,Excellent,6,5,82000,0.16,68880,13120,0,0,0,13120,0,2000,0.13,0,0,0,No,No,0,0,6,1,5,300,300,9,154.5,Excellent,11,19,Own,0,3150,2,Married,Master,8200,132000,45000,Yes,865000,849880,Approved,Low
C124,Janice,Hanson,30,Female,janice.hanson@email.com,555-567-8901,234 Elmcrest Way,Daly City,CA,94014,1993-06-13,2015-10-28,***-**-5678,65000,5416.67,Employed,Product Manager,7,702,Good,3,2,28000,0.36,17920,10080,0,0,18000,6800,4280,1020,0.22,1,0,18,No,No,0,0,10,3,7,108,108,4,56,Good,5,5,Rent,1950,0,1,Single,Master,4200,19000,6600,No,78000,61780,Approved,Low
C125,Keith,Mendoza,47,Male,keith.mendoza@company.com,5556789012,567 Birchview Way,El Monte,CA,91731,1976-02-25,2004-08-04,***-**-9012,95000,7916.67,Employed,Quality Director,18,772,Good,4,3,58000,0.26,42920,15080,0,0,0,15080,0,1700,0.17,0,0,0,No,No,0,0,9,2,7,240,240,7,123.5,Excellent,8,13,Own,0,2620,2,Married,Bachelor,6400,72000,24000,Yes,505000,484320,Approved,Low
C126,Heather,Ruiz,33,F,heather.ruiz@yahoo.com,555-678-9012,890 Maplewood Way,Vallejo,CA,94589,1990-12-07,2013-03-14,***-**-3456,72000,6000,Employed,School Counselor,9,720,Good,3,2,32000,0.33,21440,10560,0,0,20000,7200,3360,1080,0.21,1,0,15,No,No,0,0,9,3,6,132,132,4,68,Good,5,6,Rent,1680,0,2,Married,Master,4500,23000,8000,No,98000,81380,Approved,Low
C127,Willie,Castillo,41,Male,willie.castillo@outlook.com,,123 Cedarwood Way,Palmdale,CA,93550,1982-09-19,2008-11-25,***-**-6789,84000,7000,Employed,Maintenance Manager,14,745,Good,4,3,48000,0.29,34080,13920,0,9000,0,4920,0,1480,0.20,1,0,12,No,No,0,0,10,3,7,192,192,6,99,Good,7,10,Own,0,2320,2,Married,High School,5600,52000,17000,Yes,370000,350600,Approved,Low
C128,Annie,Jimenez,27,Female,annie.jimenez@gmail.com,555-789-0123,456 Willowbrook Way,Corona,CA,92878,08/30/1996,2018-06-19,***-**-0123,56000,4666.67,Employed,Medical Secretary,4,678,Fair,2,2,20000,0.44,11200,8800,0,0,17000,5200,3600,840,0.22,2,1,32,No,No,1,0,15,6,9,48,48,2,25,Fair,4,3,Rent,1550,0,0,Single,Associate,3700,9200,3400,No,50000,33560,Approved,Medium
C129,Walter,Moreno,52,M,walter.moreno@email.com,555-890-1234,789 Oakbrook Way,Elgin,IL,60120,1971-05-06,2001-09-12,***-**-4567,108000,9000,Employed,Plant Director,21,805,Excellent,5,4,70000,0.19,56700,13300,0,0,0,13300,0,1900,0.14,0,0,0,No,No,0,0,7,2,5,276,276,8,142,Excellent,9,16,Own,0,2900,3,Married,Bachelor,7200,100000,33000,Yes,655000,639800,Approved,Low
C130,Tammy,Bowman,35,Female,tammy.bowman@company.com,555-901-2345,234 Pineview Way,Beaumont,TX,77701,1988-11-15,2012-04-18,***-**-7890,76000,6333.33,Employed,Clinical Coordinator,10,728,Good,3,2,36000,0.31,24840,11160,0,0,21000,6900,4260,1150,0.21,1,0,18,No,No,0,0,10,3,7,144,144,5,74.5,Good,5,7,Rent,1420,0,1,Married,Bachelor,4750,29000,10000,No,145000,128590,Approved,Low
C131,Carlos,Medina,43,Male,carlos.medina@yahoo.com,5550123456,567 Elmfield Way,Independence,MO,64050,1980-03-22,2007-07-31,***-**-2345,87000,7250,Employed,Distribution Supervisor,15,752,Good,4,3,50000,0.28,36000,14000,0,8700,0,5300,0,1500,0.20,0,0,0,No,No,0,0,10,3,7,204,204,6,105,Good,7,10,Own,0,2350,2,Married,Associate,5700,54000,18000,Yes,380000,360500,Approved,Low
C132,Stephanie,Reyes,29,F,stephanie.reyes@outlook.com,555-012-3456,890 Birchcrest Way,Provo,UT,84601,1994-07-08,2016-11-02,***-**-5678,62000,5166.67,Employed,Event Coordinator,6,695,Fair,3,2,26000,0.38,16120,9880,0,0,18000,6500,3380,1000,0.22,2,0,25,No,No,1,0,13,5,8,84,84,3,43.5,Fair,5,4,Rent,1350,0,1,Single,Bachelor,4100,14000,5200,No,65000,49100,Approved,Medium
C133,Peter,Contreras,56,Male,peter.contreras@gmail.com,555-123-4567,123 Maplecrest Way,Springfield,IL,62701,1967-01-19,1997-05-08,***-**-9012,123000,10250,Employed,Senior Director,27,825,Excellent,6,5,88000,0.15,74800,13200,0,0,0,13200,0,2100,0.13,0,0,0,No,No,0,0,5,1,4,324,324,10,167,Excellent,11,20,Own,0,3450,2,Married,Master,8700,145000,49000,Yes,945000,929700,Approved,Low
C134,Virginia,Carr,32,Female,virginia.carr@email.com,null,456 Cedarfield Way,Santa Clara,CA,95050,1991-09-26,2014-01-23,***-**-3456,88000,7333.33,Employed,Software Engineer,9,752,Good,4,3,52000,0.28,37440,14560,0,0,21000,8200,5360,1550,0.19,0,0,0,No,No,0,0,9,3,6,132,132,5,68.5,Excellent,7,7,Rent,2800,0,0,Single,Master,5900,42000,16000,Yes,280000,259890,Approved,Low
C135,Henry,Wade,38,M,henry.wade@company.com,555-234-5678,789 Willowcrest Way,Thousand Oaks,CA,91360,1985-06-11,2010-10-06,***-**-6789,95000,7916.67,Employed,Technical Lead,12,765,Good,4,3,58000,0.26,42920,15080,0,0,0,15080,0,1700,0.17,0,0,0,No,No,0,0,9,3,6,168,168,5,86.5,Excellent,8,10,Rent,2400,0,1,Single,Master,6200,58000,20000,Yes,320000,298220,Approved,Low
C136,Cheryl,Howell,46,Female,cheryl.howell@yahoo.com,555-345-6789,234 Oakridge Way,Simi Valley,CA,93065,1977-12-03,2005-11-30,***-**-0123,93000,7750,Employed,Project Director,17,768,Good,4,3,56000,0.26,41440,14560,0,0,0,14560,0,1680,0.18,0,0,0,No,No,0,0,9,2,7,228,228,6,117,Excellent,8,13,Own,0,2600,2,Married,Master,6300,68000,23000,Yes,485000,464760,Approved,Low
C137,Brandon,Chapman,31,Male,brandon.chapman@outlook.com,5553456789,567 Pineridge Way,Carrollton,TX,75006,10-21-1992,2014-05-14,***-**-4567,69000,5750,Employed,Data Engineer,8,712,Good,3,2,30000,0.34,19800,10200,0,0,19000,6900,4300,1050,0.21,1,0,20,No,No,0,0,10,3,7,120,120,4,62,Good,5,6,Rent,1480,0,1,Married,Bachelor,4350,21000,7400,No,86000,69450,Approved,Low
C138,Frances,Snyder,25,F,frances.snyder@gmail.com,555-456-7890,890 Elmview Way,Coral Springs,FL,33065,February 18 2000,2020-12-09,***-**-7890,47000,3916.67,Employed,Florist,2,652,Fair,2,1,14000,0.52,6720,7280,0,0,15000,4100,3180,640,0.20,3,1,46,No,No,1,1,18,8,10,24,24,1,12.5,Fair,3,1,Rent,1120,0,0,Single,High School,3050,5200,1900,No,34000,19380,Denied,Medium
C139,Sean,Hoffman,49,Male,sean.hoffman@email.com,555-567-8901,123 Birchwood Way,Stamford,CT,06901,1974-08-29,2003-06-25,***-**-2345,102000,8500,Employed,Supply Chain Director,19,788,Good,5,4,66000,0.21,52140,13860,0,0,0,13860,0,1800,0.15,0,0,0,No,No,0,0,8,2,6,252,252,7,129.5,Excellent,9,14,Own,0,2750,2,Married,Master,6900,82000,27000,Yes,585000,567290,Approved,Low
C140,Paula,Lucas,34,Female,paula.lucas@company.com,,456 Maplefield Way,Elizabeth,NJ,07201,1989-04-16,2012-08-21,***-**-5678,74000,6166.67,Employed,HR Generalist,10,725,Good,3,2,36000,0.32,24480,11520,0,0,21000,7800,2720,1180,0.22,1,0,18,No,No,0,0,10,3,7,144,144,5,74.5,Good,5,7,Rent,1850,0,1,Married,Bachelor,4700,27000,9200,No,125000,107280,Approved,Low
C141,Adam,Malone,42,M,adam.malone@yahoo.com,555-678-9012,789 Cedarview Way,Bellevue,WA,98004,1981-11-08,2007-09-18,***-**-9012,98000,8166.67,Employed,Product Director,15,778,Good,4,3,60000,0.24,45600,14400,0,0,0,14400,0,1700,0.17,0,0,0,No,No,0,0,9,2,7,204,204,6,105,Excellent,8,11,Rent,2200,0,1,Single,Master,6400,65000,22000,Yes,380000,361300,Approved,Low
C142,Ruby,Durham,28,Female,ruby.durham@outlook.com,555-789-0123,234 Willowridge Way,Ann Arbor,MI,48103,1995-05-31,2017-12-13,***-**-3456,59000,4916.67,Employed,Social Media Specialist,5,685,Fair,3,2,22000,0.41,12980,9020,0,0,17000,5800,3220,920,0.23,2,0,28,No,No,1,0,14,6,8,60,60,3,31.5,Fair,5,3,Rent,1380,0,0,Single,Bachelor,3900,11500,4200,No,56000,40180,Approved,Medium
C143,Eugene,Moss,55,Male,eugene.moss@gmail.com,5559012345,567 Oakwood Way,Waterbury,CT,06701,1968-09-14,1998-07-29,***-**-6789,119000,9916.67,Employed,Manufacturing Director,25,818,Excellent,6,5,80000,0.17,66400,13600,0,0,0,13600,0,2000,0.13,0,0,0,No,No,0,0,6,1,5,312,312,10,161,Excellent,11,18,Own,0,3200,2,Married,Bachelor,8300,125000,42000,Yes,825000,809400,Approved,Low
C144,Diana,Gibbs,30,F,diana.gibbs@email.com,555-890-1234,890 Pineview Way,West Covina,CA,91790,1993-12-20,2015-04-07,***-**-0123,64000,5333.33,Employed,Physical Therapist Assistant,7,700,Good,3,2,28000,0.36,17920,10080,0,0,18000,6700,4380,1020,0.22,1,0,18,No,No,0,0,11,4,7,96,96,4,50,Good,5,5,Rent,1620,0,1,Single,Associate,4100,16000,5800,No,72000,55900,Approved,Low
C145,Roy,Singleton,44,Male,roy.singleton@company.com,555-901-2345,123 Elmwood Way,Norwalk,CA,90650,1979-07-03,2006-02-15,***-**-4567,88000,7333.33,Employed,Logistics Manager,16,755,Good,4,3,52000,0.28,37440,14560,0,8800,0,5760,0,1550,0.19,0,0,0,No,No,0,0,9,3,6,216,216,6,111,Excellent,7,11,Own,0,2480,2,Married,Bachelor,5900,60000,20000,Yes,425000,404890,Approved,Low
C146,Lois,Lancaster,26,Female,lois.lancaster@yahoo.com,null,456 Birchfield Way,Downey,CA,90240,09/11/1997,2019-10-23,***-**-7890,52000,4333.33,Employed,Massage Therapist,3,668,Fair,2,1,17000,0.48,8840,8160,0,0,17000,4600,3560,760,0.22,3,1,40,No,No,1,0,16,7,9,36,36,2,19,Fair,3,2,Rent,1280,0,0,Single,Certificate,3450,8400,3200,No,44000,27080,Pending,Medium
C147,Ralph,Norman,51,M,ralph.norman@outlook.com,555-012-3456,789 Maplecrest Way,Fairfield,CA,94533,1972-03-27,2002-05-22,***-**-2345,105000,8750,Employed,Security Director,20,795,Good,5,4,68000,0.20,54400,13600,0,0,0,13600,0,1850,0.15,0,0,0,No,No,0,0,8,2,6,264,264,8,136,Excellent,9,15,Own,0,2800,2,Married,Associate,7000,88000,30000,Yes,615000,598550,Approved,Low
C148,Jane,Bowen,33,Female,jane.bowen@gmail.com,555-123-4567,234 Cedarbrook Way,Elgin,IL,60123,1990-10-14,2013-07-17,***-**-5678,71000,5916.67,Employed,Brand Strategist,9,715,Good,3,2,32000,0.34,21120,10880,0,0,20000,7500,3380,1100,0.22,1,0,20,No,No,0,0,10,3,7,132,132,4,68,Good,5,6,Rent,1520,0,1,Married,Master,4400,22000,7800,No,88000,70920,Approved,Low
C149,Arthur,Barton,40,Male,arthur.barton@email.com,5551234567,567 Willowview Way,Odessa,TX,79760,1983-06-06,2008-08-12,***-**-9012,83000,6916.67,Employed,Drilling Supervisor,14,742,Good,4,3,46000,0.30,32200,13800,0,8900,0,4900,0,1450,0.20,1,0,10,No,No,0,0,10,3,7,192,192,6,99,Good,7,10,Own,0,2280,2,Married,High School,5500,48000,16000,Yes,350000,331250,Approved,Low
C150,Judith,Gross,48,F,judith.gross@company.com,555-234-5678,890 Oakview Way,Surprise,AZ,85374,1975-01-23,2004-04-28,***-**-3456,96000,8000,Employed,Training Manager,18,772,Good,4,3,56000,0.26,41440,14560,0,0,0,14560,0,1680,0.17,0,0,0,No,No,0,0,9,2,7,240,240,7,123.5,Excellent,8,13,Own,0,2560,2,Married,Master,6300,70000,24000,Yes,495000,474760,Approved,Low
C151,Lawrence,Hale,36,Male,lawrence.hale@yahoo.com,,123 Pinebrook Way,Thornton,CO,80229,1987-08-19,2011-10-19,***-**-6789,79000,6583.33,Employed,Network Administrator,11,735,Good,4,3,44000,0.30,30800,13200,0,0,0,13200,0,1420,0.19,1,0,12,No,No,0,0,10,3,7,156,156,5,80.5,Good,7,8,Rent,1550,0,1,Divorced,Bachelor,5100,43000,14000,Yes,295000,276380,Approved,Low
C152,Katherine,Weaver,27,Female,katherine.weaver@outlook.com,555-345-6789,456 Elmcrest Way,Roseville,CA,95661,July 9 1996,2018-02-21,***-**-0123,55000,4583.33,Employed,Occupational Therapist Assistant,4,675,Fair,2,2,19000,0.46,10260,8740,0,0,17000,5100,3640,810,0.22,2,1,35,No,No,1,0,15,6,9,48,48,2,25,Fair,4,3,Rent,1480,0,0,Single,Associate,3650,9800,3600,No,51000,34020,Approved,Medium
C153,Billy,Dawson,53,M,billy.dawson@gmail.com,555-456-7890,789 Birchbrook Way,Denton,TX,76201,1970-11-26,2000-09-13,***-**-4567,111000,9250,Employed,Transportation Manager,22,810,Excellent,5,4,74000,0.18,60680,13320,0,0,0,13320,0,1950,0.14,0,0,0,No,No,0,0,7,2,5,288,288,8,148,Excellent,9,17,Own,0,2980,3,Married,Bachelor,7500,110000,37000,Yes,715000,699730,Approved,Low
C154,Teresa,Ryan,31,Female,teresa.ryan@email.com,5555678901,234 Maplewood Way,Renton,WA,98055,1992-04-08,2014-11-26,***-**-7890,68000,5666.67,Employed,Graphic Designer,8,708,Good,3,2,30000,0.35,19500,10500,0,0,19000,7200,4300,1080,0.22,1,0,20,No,No,0,0,10,3,7,120,120,4,62,Good,5,6,Rent,1680,0,1,Single,Bachelor,4300,20000,7000,No,82000,65420,Approved,Low
C155,Samuel,Oliver,45,Male,samuel.oliver@company.com,555-567-8901,567 Cedarwood Way,Davenport,IA,52801,1978-09-15,2006-01-11,***-**-2345,92000,7666.67,Employed,Environmental Manager,16,758,Good,4,3,54000,0.27,39420,14580,0,9200,0,5380,0,1550,0.19,0,0,0,No,No,0,0,9,3,6,216,216,6,111,Excellent,7,11,Own,0,2420,2,Married,Master,6000,58000,19000,Yes,410000,389870,Approved,Low
C156,Evelyn,Sparks,29,F,evelyn.sparks@yahoo.com,555-678-9012,890 Willowbrook Way,Waco,TX,76701,1994-11-02,2016-07-20,***-**-5678,61000,5083.33,Employed,Speech Pathologist,6,692,Fair,3,2,24000,0.39,14640,9360,0,0,18000,6000,3360,950,0.23,2,0,25,No,No,1,0,13,5,8,84,84,3,43.5,Fair,5,4,Rent,1360,0,0,Single,Master,4000,13000,4800,No,64000,48690,Approved,Medium
C157,Russell,Bates,58,Male,russell.bates@outlook.com,null,123 Oakfield Way,Charleston,SC,29401,1965-02-11,1995-08-16,***-**-9012,128000,10666.67,Employed,Executive VP,29,832,Excellent,6,5,95000,0.14,81700,13300,0,0,0,13300,0,2200,0.13,0,0,0,No,No,0,0,5,1,4,348,348,12,179,Excellent,11,22,Own,0,3600,2,Married,MBA,9200,168000,56000,Yes,1085000,1069500,Approved,Low
C158,Ann,Ramsey,32,Female,ann.ramsey@gmail.com,555-789-0123,456 Pineview Way,Visalia,CA,93277,1991-07-29,2014-09-24,***-**-3456,70000,5833.33,Employed,Respiratory Therapist,8,710,Good,3,2,30000,0.35,19500,10500,0,0,19000,7100,4400,1070,0.21,1,0,18,No,No,0,0,10,3,7,120,120,4,62,Good,5,6,Rent,1420,0,1,Married,Associate,4350,20000,7200,No,88000,71430,Approved,Low
C159,Bruce,Keller,47,M,bruce.keller@email.com,555-890-1234,789 Elmwood Way,Gainesville,FL,32601,1976-12-17,2005-03-30,***-**-6789,94000,7833.33,Employed,Safety Director,17,768,Good,4,3,56000,0.26,41440,14560,0,0,0,14560,0,1650,0.17,0,0,0,No,No,0,0,9,2,7,228,228,6,117,Excellent,8,12,Own,0,2540,2,Married,Bachelor,6200,68000,23000,Yes,485000,464790,Approved,Low
C160,Shirley,Pope,35,Female,shirley.pope@company.com,5559012345,234 Birchwood Way,Wichita Falls,TX,76301,1988-05-25,2012-12-18,***-**-0123,75000,6250,Employed,Claims Adjuster,10,725,Good,3,2,36000,0.32,24480,11520,0,0,21000,7800,2720,1180,0.22,1,0,18,No,No,0,0,10,3,7,144,144,5,74.5,Good,5,7,Rent,1380,0,1,Married,Bachelor,4700,28000,9500,No,130000,112280,Approved,Low
C161,Daniel,Caldwell,39,Male,daniel.caldwell@yahoo.com,555-901-2345,567 Maplewood Way,Berkeley,CA,94701,1984-10-12,2009-05-27,***-**-4567,102000,8500,Employed,Software Architect,13,785,Good,5,3,62000,0.23,47740,14260,0,0,0,14260,0,1750,0.16,0,0,0,No,No,0,0,9,3,6,180,180,5,92.5,Excellent,8,10,Rent,2600,0,0,Single,Master,6800,72000,25000,Yes,450000,429990,Approved,Low
C162,Beverly,Quinn,26,F,beverly.quinn@outlook.com,555-012-3456,890 Cedarfield Way,Santa Maria,CA,93454,03-14-1997,2019-12-04,***-**-7890,50000,4166.67,Employed,Veterinary Technician,3,662,Fair,2,1,16000,0.49,8160,7840,0,0,17000,4500,3340,730,0.22,3,1,42,No,No,1,0,17,8,9,36,36,2,19,Fair,3,2,Rent,1350,0,0,Single,Associate,3400,7500,2900,No,42000,26530,Pending,Medium
C163,Jeffrey,Vega,54,Male,jeffrey.vega@gmail.com,5550123456,123 Willowcrest Way,South Bend,IN,46601,1969-08-20,1999-11-17,***-**-2345,117000,9750,Employed,Procurement Director,23,820,Excellent,6,5,80000,0.16,67200,12800,0,0,0,12800,0,2000,0.13,0,0,0,No,No,0,0,6,1,5,300,300,9,154.5,Excellent,11,19,Own,0,3100,2,Married,Bachelor,8100,130000,44000,Yes,850000,835200,Approved,Low
C164,Dorothy,Leonard,30,Female,dorothy.leonard@email.com,,456 Oakbrook Way,Lowell,MA,01850,1993-01-16,2015-06-10,***-**-5678,64000,5333.33,Employed,Procurement Specialist,7,700,Good,3,2,28000,0.36,17920,10080,0,0,18000,6700,4380,1020,0.22,1,0,18,No,No,0,0,11,4,7,96,96,4,50,Good,5,5,Rent,1580,0,1,Single,Bachelor,4100,17000,6200,No,74000,57780,Approved,Low
C165,Gary,Curry,42,M,gary.curry@company.com,555-123-4567,789 Pinebrook Way,Pueblo,CO,81001,1981-06-23,2007-10-23,***-**-9012,85000,7083.33,Employed,Facilities Supervisor,15,745,Good,4,3,48000,0.29,34080,13920,0,9000,0,4920,0,1480,0.20,1,0,12,No,No,0,0,10,3,7,204,204,6,105,Good,7,10,Own,0,2320,2,Married,Associate,5600,52000,17000,Yes,370000,350600,Approved,Low
C166,Marilyn,Burnett,28,Female,marilyn.burnett@yahoo.com,555-234-5678,234 Elmbrook Way,Broken Arrow,OK,74012,1995-09-07,2017-04-19,***-**-3456,57000,4750,Employed,Occupational Therapy Assistant,5,682,Fair,3,2,22000,0.42,12760,9240,0,0,17000,5900,3340,880,0.23,2,0,28,No,No,1,0,14,6,8,60,60,3,31.5,Fair,5,3,Rent,1240,0,0,Single,Associate,3800,11000,4200,No,54000,38580,Approved,Medium
C167,Frank,Schwartz,50,Male,frank.schwartz@outlook.com,null,567 Birchview Way,San Buenaventura,CA,93001,1973-11-30,2002-07-09,***-**-6789,106000,8833.33,Employed,Engineering Director,21,802,Excellent,5,4,70000,0.19,56700,13300,0,0,0,13300,0,1900,0.14,0,0,0,No,No,0,0,7,2,5,276,276,8,142,Excellent,9,16,Own,0,2850,3,Married,Master,7200,98000,32000,Yes,645000,629800,Approved,Low
C168,Christina,Flowers,34,F,christina.flowers@gmail.com,555-345-6789,890 Maplecrest Way,Sandy Springs,GA,30328,1989-03-18,2012-02-14,***-**-0123,73000,6083.33,Employed,Technical Recruiter,10,720,Good,3,2,34000,0.32,23120,10880,0,0,20000,7500,3380,1120,0.21,1,0,15,No,No,0,0,10,3,7,144,144,5,74.5,Good,5,7,Rent,1720,0,1,Single,Bachelor,4550,25000,8600,No,105000,87980,Approved,Low
C169,Patrick,Townsend,46,Male,patrick.townsend@email.com,555-456-7890,123 Cedarwood Way,League City,TX,77573,1977-07-26,2005-12-21,***-**-4567,91000,7583.33,Employed,Industrial E